[
  {
    "OrderId": 15869,
    "Items": [
      {
        "Item": {
          "Name": "Honest Thief10:4",
          "Price": 4.99,
          "StockAvailable": 0
        },
        "Quantity": 1
      },
      {
        "Item": {
          "Name": "Coke",
          "Price": 3.99,
          "StockAvailable": 0
        },
        "Quantity": 2
      }
    ],
    "OrderDate": "2021-06-03T13:25:09.6888109+02:00",
    "UserId": "a1e8c3ff-5a6b-4808-a566-a96c54743ca1"
  },
  {
    "OrderId": 28574,
    "Items": [
      {
        "Item": {
          "Name": "Honest Thief10:4",
          "Price": 4.99,
          "StockAvailable": 1
        },
        "Quantity": 1
      },
      {
        "Item": {
          "Name": "Honest Thief10:3",
          "Price": 4.99,
          "StockAvailable": 1
        },
        "Quantity": 1
      }
    ],
    "OrderDate": "2021-06-06T15:03:32.6829396+02:00",
    "UserId": "a1e8c3ff-5a6b-4808-a566-a96c54743ca1"
  }
]