[
  {
    "GUID": "17c6d94b-92f1-4e96-94c2-1d2ce93d8c56",
    "Username": "foxxite",
    "Password": "UbYmNPeWb83EZVvi5PVN1g==",
    "Permlevel": 0,
    "Name": "f",
    "EmailAddress": "f@f.f",
    "Age": 21
  },
  {
    "GUID": "a1e8c3ff-5a6b-4808-a566-a96c54743ca1",
    "Username": "y",
    "Password": "1r5QMe1ixnH4Tre/cAavdw==",
    "Permlevel": 0,
    "Name": "yy",
    "EmailAddress": "y",
    "Age": 1
  },
  {
    "GUID": "a237a089-05a7-48bf-965a-4dead8dd1954",
    "Username": "Y",
    "Password": "24x4YAcBL2/Ll5iaGDJ1Hg==",
    "Permlevel": 0,
    "Name": "Y",
    "EmailAddress": "Y",
    "Age": 6
  },
  {
    "GUID": "305fd3f7-84d2-4b51-b2bf-9c1540efb9f9",
    "Username": "admin",
    "Password": "P4fQ5UKhgIzNePoFdNRYRQ==",
    "Permlevel": 777,
    "Name": "admin",
    "EmailAddress": "admin@admin.com",
    "Age": 69
  }
]